Rota,Periodo,Quantidade
0,4,2646
0,51,3197
0,51,159
1,4,141
2,51,119
3,51,39
4,51,40
5,51,21
6,51,23
7,51,71
8,51,72
9,51,21
10,51,21
11,51,11
12,51,11
13,51,78
14,51,72
15,51,36
16,51,35
17,51,61
18,51,66
19,51,51
20,51,51
21,51,81
22,51,27
23,51,20
24,51,78
25,51,31
26,51,18
27,51,25
28,51,25
29,4,22
30,51,44
31,4,22
32,51,29
33,51,29
34,51,29
35,51,21
36,51,21
37,4,12
38,51,14
39,4,13
40,51,9
41,51,15
42,51,14
43,51,71
44,51,73
45,51,92
46,51,98
47,4,148
48,51,191
49,51,134
50,51,140
51,4,17
52,51,90
53,51,186
54,51,185
55,4,14
56,51,31
57,51,73
58,51,34
59,51,34
60,4,26
61,4,48
62,4,49
63,4,46
64,51,38
65,51,36
66,51,110
67,51,109
68,51,35
69,51,43
70,51,35
71,51,43
72,51,111
73,51,110
74,51,65
75,51,67
76,51,60
77,51,21
78,51,96
79,51,22
80,4,52
81,51,51
82,51,126
83,51,122
84,51,92
85,51,96
86,51,66
87,4,9
88,51,110
89,51,90
90,51,61
91,51,98
92,51,87
93,51,29
94,51,84
95,51,29
96,51,30
97,51,31
98,51,50
99,51,48
100,51,86
101,51,92
102,51,34
103,51,34
104,51,60
105,51,59
106,51,59
107,51,36
108,51,59
109,51,36
110,51,14
111,51,14
112,51,66
113,4,62
114,51,78
115,51,57
116,51,56
117,51,17
118,51,15
119,51,64
120,51,63
121,51,38
122,4,6
123,51,29
124,51,29
125,51,85
126,51,8
127,51,5
128,51,15
129,51,30
130,51,30
131,51,16
132,51,370
133,51,360
134,51,16
135,51,109
136,51,109
137,51,124
138,51,127
139,4,19
140,51,27
141,51,54
142,51,54
143,51,35
144,51,35
145,51,48
146,51,42
147,4,29
148,51,48
149,51,32
150,51,6
151,51,6
152,51,83
153,51,80
154,51,58
155,51,57
156,51,36
157,51,75
158,51,89
159,4,77
160,4,22
161,51,92
162,51,17
163,51,47
164,51,16
165,4,13
166,51,57
167,51,57
168,51,57
169,51,23
170,51,24
171,51,36
172,51,32
173,51,23
174,51,33
175,51,24
176,51,36
177,51,50
178,51,8
179,51,8
180,51,21
181,4,14
182,51,16
183,51,24
184,51,24
185,51,32
186,51,33
187,51,64
188,51,67
189,51,32
190,51,31
191,51,123
192,51,120
193,51,137
194,51,135
195,51,11
196,51,16
197,51,8
198,51,33
199,51,34
200,51,32
201,51,14
202,51,32
203,4,29
204,51,9
205,51,8
206,51,48
207,51,52
208,51,95
209,51,14
210,51,42
211,51,36
212,51,63
213,4,40
214,4,23
215,51,50
216,51,29
217,4,40
218,51,47
219,51,22
220,51,22
221,51,47
222,51,50
223,51,33
224,51,33
225,51,51
226,4,14
227,51,18
228,4,14
229,4,21
230,51,25
231,4,132
232,51,24
233,51,26
234,51,30
235,51,30
236,51,24
237,51,21
238,51,19
239,51,26
240,51,50
241,4,21
242,51,20
243,51,1
244,4,21
245,51,17
246,4,48
247,51,48
248,51,8
249,51,8
250,4,6
251,4,58
252,51,8
253,51,16
254,4,14
255,51,72
256,51,28
257,51,8
258,51,14
259,51,23
260,51,36
261,51,13
262,51,32
263,51,142
264,51,70
265,4,7
266,51,24
267,51,24
268,51,31
269,51,27
270,51,75
271,4,11
272,51,11
273,4,11
274,51,14
275,4,14
276,51,19
277,4,20
278,51,31
279,51,33
280,51,32
281,4,14
282,51,57
283,51,52
284,51,56
285,51,20
286,51,18
287,51,32
288,51,42
289,51,39
290,51,20
291,51,18
292,51,35
293,51,30
294,51,29
295,51,1
296,51,23
297,51,10
298,51,9
299,51,24
300,4,33
301,51,35
302,4,1
303,4,1
304,51,1
305,4,1
306,4,1
0,8,2695
307,51,1
308,51,9
309,51,4
310,51,1
311,51,1
312,51,1
313,51,1
314,51,8
315,51,8
316,51,8
317,51,8
318,4,22
319,51,8
320,51,8
321,51,35
322,51,35
323,51,53
324,51,52
325,51,5
326,51,1
327,51,2
328,51,19
329,51,19
330,51,24
331,51,21
332,51,36
333,51,38
334,51,25
335,51,24
336,51,9
337,51,9
338,51,7
339,51,9
340,51,14
341,51,53
342,51,14
343,51,7
344,51,7
345,51,53
346,51,10
347,51,8
348,51,8
349,51,8
350,51,17
351,51,17
352,51,8
353,51,6
354,51,13
355,51,8
356,51,6
357,51,18
358,51,7
359,51,17
360,51,7
361,51,10
362,51,6
363,51,11
364,51,7
365,51,17
366,51,18
367,51,3
368,51,3
369,51,3
370,51,3
371,51,3
372,51,3
373,51,7
374,51,7
375,51,7
376,51,31
377,51,7
378,51,7
379,51,7
380,51,6
381,51,6
382,51,14
383,51,14
384,51,7
385,51,7
386,51,16
387,51,13
388,51,1
389,51,3
390,51,3
391,51,3
392,51,3
393,51,1
394,4,5
395,51,8
396,4,6
397,51,8
398,51,9
399,4,14
400,51,36
401,51,29
402,51,31
403,51,21
404,51,20
405,51,24
406,4,12
407,51,19
408,51,25
409,51,21
410,51,22
411,51,7
412,51,16
413,4,8
414,51,20
415,51,8
416,4,2
417,51,23
418,51,7
419,51,23
420,51,7
421,51,19
422,51,19
423,51,32
424,4,8
425,4,12
426,51,9
427,51,15
428,51,16
429,51,15
430,51,14
431,51,13
432,4,10
433,4,2
434,51,10
435,51,15
436,51,5
437,51,8
438,51,9
439,51,32
440,51,9
441,51,20
442,51,12
443,51,7
444,51,8
445,51,10
446,51,8
447,51,8
448,51,6
449,51,9
450,51,6
451,51,9
452,51,32
453,51,15
454,51,39
455,51,7
456,51,7
457,51,2
458,51,3
459,51,2
460,51,3
461,51,3
462,51,11
463,51,11
464,51,16
465,51,16
466,4,2
467,8,1
468,4,6
469,8,8
470,4,2
471,4,13
472,4,11
473,4,2
474,4,1
475,4,2
476,4,2
477,8,1
478,4,10
479,4,6
480,4,6
481,4,30
482,4,12
483,4,1
484,4,23
485,4,9
486,4,6
487,4,1
488,4,3
489,8,1
490,8,1
491,8,1
492,4,1
493,4,14
494,4,1
495,4,2
496,4,1
497,4,4
498,4,1
499,4,1
500,4,10
501,4,17
502,4,3
503,4,1
504,4,3
505,4,19
506,4,2
507,4,2
508,4,1
509,4,1
510,4,1
511,4,8
512,4,12
513,4,7
514,4,7
515,4,7
516,4,1
517,4,11
518,4,11
0,10,2627
519,4,7
520,4,1
521,4,3
522,4,5
523,8,1
524,4,2
525,4,1
526,4,1
527,4,9
528,8,1
529,4,1
530,4,1
531,4,1
532,8,2
533,8,1
534,4,2
535,4,5
536,8,4
537,4,1
538,4,1
539,4,6
540,4,2
541,4,8
542,4,6
543,4,11
544,4,3
545,4,3
546,4,4
547,4,3
548,4,2
549,4,3
550,4,1
551,4,1
552,4,12
553,4,6
554,4,6
555,4,1
556,4,5
557,4,7
558,4,8
559,4,1
560,4,1
561,4,23
562,4,23
563,4,11
564,4,6
565,4,12
566,4,12
567,4,7
568,4,12
569,4,1
570,4,1
571,4,1
572,4,2
573,4,19
574,4,9
575,4,5
576,4,1
577,4,1
578,4,1
579,4,3
580,4,1
581,4,1
469,12,1
582,8,2
583,8,3
584,12,1
585,8,1
586,8,1
587,8,1
588,8,1
589,8,8
590,8,6
0,21,2571
206,16,48
591,8,2
592,8,3
593,8,2
594,8,6
595,8,2
596,8,2
597,12,2
598,8,4
599,8,1
600,12,1
601,8,1
602,8,1
603,8,1
604,8,2
605,8,2
606,8,3
607,8,1
608,8,9
609,8,2
610,8,1
611,8,1
612,8,4
613,8,1
614,8,1
615,8,8
616,8,4
617,8,4
618,8,9
619,8,4
620,8,10
621,8,5
622,8,1
623,8,1
624,8,1
625,8,5
626,8,9
627,12,7
628,12,6
629,8,4
630,8,4
631,8,4
632,8,1
633,8,3
634,8,6
635,8,10
636,8,4
637,8,2
638,8,2
639,8,4
640,8,4
641,8,3
642,8,3
643,8,1
644,8,3
645,8,3
646,8,12
647,8,8
648,8,15
649,8,8
650,8,1
651,8,3
652,8,4
653,8,4
654,8,1
655,8,1
656,8,1
657,8,1
658,8,1
659,12,5
660,12,5
661,12,4
662,12,1
663,12,10
664,12,11
665,12,12
666,12,1
667,12,3
668,12,3
669,12,2
670,12,3
671,12,3
672,12,4
673,12,3
674,12,3
675,12,3
676,12,3
677,12,3
678,12,3
679,12,7
680,12,1
681,12,1
682,12,1
683,12,1
684,12,2
685,12,2
686,12,1
687,12,6
688,12,6
689,12,1
690,12,1
691,12,3
692,12,3
693,12,2
694,12,2
695,12,2
696,12,16
697,12,1
698,12,1
699,12,5
700,12,1
701,12,1
702,12,1
703,12,1
704,12,6
705,12,6
706,12,6
707,12,5
708,12,6
709,12,6
710,12,6
711,12,13
712,12,6
713,12,6
714,12,6
715,12,5
716,12,5
717,12,6
718,12,6
719,12,6
720,12,6
721,12,6
722,12,6
723,12,6
724,12,5
725,12,6
726,12,6
727,12,6
728,12,6
729,12,6
730,12,5
731,12,5
732,12,5
733,12,5
734,12,5
735,12,3
736,12,6
737,12,6
738,12,11
739,12,6
740,12,6
741,12,6
742,12,6
743,12,6
744,12,6
745,12,6
746,12,6
747,12,6
748,12,6
749,12,2
750,12,21
751,12,6
752,12,10
753,12,6
754,12,15
755,12,1
756,12,1
757,12,1
758,12,1
759,12,1
760,12,1
761,12,1
762,16,1
763,16,2
764,16,2
765,16,2
766,16,3
767,16,2
768,16,7
769,16,7
770,16,1
771,16,3
772,16,1
773,16,1
774,21,1
775,16,7
776,16,2
777,16,2
778,16,1
779,16,1
780,16,1
781,16,2
782,16,5
783,16,1
784,21,1
785,16,1
786,16,1
787,16,4
788,16,4
789,21,3
790,16,4
791,16,5
792,16,2
793,16,2
794,16,1
21,25,72
0,26,2677
795,25,3
796,25,5
0,29,2724
797,21,4
798,21,1
799,21,5
800,21,2
801,21,1
802,25,1
803,25,1
804,21,2
805,21,2
806,21,2
807,21,1
808,21,3
809,21,2
0,34,2609
810,25,5
811,25,1
812,25,1
813,25,2
814,25,1
815,25,1
816,25,1
817,25,1
818,25,1
819,25,1
0,38,2598
820,29,3
821,29,1
822,29,1
823,29,1
824,29,1
825,29,1
826,29,1
827,34,2
828,34,1
829,34,2
830,34,1
831,34,1
832,34,1
833,38,1
834,34,1
835,34,1
836,34,1
837,38,1
838,34,1
839,34,1
840,34,1
841,34,1
842,34,1
843,34,1
844,34,1
0,43,2649
845,38,1
846,38,1
847,38,1
848,38,1
849,38,1
0,47,2635
850,38,3
851,38,1
852,38,1
853,38,1
854,38,1
855,38,1
856,38,1
857,38,1
858,43,2
0,48,2693
859,47,2
0,1,2697
860,43,1
861,43,1
862,43,1
863,43,1
864,43,2
865,47,1
866,47,1
867,1,1
868,47,1
869,1,2
870,1,1
871,47,1
872,1,1
873,47,1
874,1,1
875,1,1
876,1,1
877,1,1
878,1,2
879,1,1
880,1,1
881,1,1
882,1,3
883,1,7
884,1,5
885,1,1
886,1,1
887,1,2
888,1,1
889,1,6
890,1,2
574,3,12
891,1,1
0,2,2688
892,1,1
893,1,1
894,1,1
895,1,6
896,1,1
897,1,1
898,1,2
899,1,1
900,1,1
901,1,3
902,1,1
903,1,1
904,1,1
905,2,1
906,1,2
907,1,1
908,1,1
909,1,1
910,2,5
911,2,1
912,2,1
913,2,2
914,2,1
915,2,1
916,2,1
917,2,2
918,2,2
919,2,1
920,2,1
921,2,1
922,2,1
923,2,1
924,2,1
925,2,1
926,2,2
927,2,4
928,2,1
929,2,1
930,2,2
931,2,5
932,2,1
933,2,2
934,2,1
935,2,1
936,2,1
937,2,2
938,2,1
939,2,1
940,2,1
941,2,1
942,2,1
943,2,1
944,2,1
945,3,1
946,2,1
947,2,1
948,2,1
949,2,1
950,2,1
951,3,1
952,3,1
953,3,1
954,3,1
955,3,1
956,3,1
957,3,1
958,3,1
959,3,1
960,3,1
961,3,1
962,3,2
963,3,1
964,3,1
965,3,1
966,3,1
967,3,2
968,3,3
969,3,1
970,3,1
971,3,2
972,3,1
973,3,1
974,3,1
975,3,1
976,3,1
977,3,1
978,3,2
979,3,1
980,3,1
981,3,1
982,51,1
983,51,1
984,3,1
985,3,1
986,3,1
987,3,1
988,51,1
989,51,7
990,51,1
991,4,1
992,4,1
993,8,1
994,8,1
995,8,1
996,8,1
997,12,16
998,12,1
999,16,1
1000,16,1
1001,21,1
1002,21,1
1003,21,1
1004,21,1
1005,21,1
0,30,2634
1006,25,1
1007,25,1
1008,30,1
1009,30,1
1010,30,1
1011,34,7
1012,34,1
1013,34,6
1014,38,1
0,5,2727
1015,43,1
0,6,2683
1016,5,1
1017,5,1
1018,5,1
1019,5,1
1020,5,1
1021,5,1
1022,5,1
1023,5,1
1024,5,1
1025,5,1
1026,5,1
1027,5,1
1028,5,1
1029,5,1
0,49,2819
1030,6,1
1031,6,1
1032,6,1
1033,6,1
1034,6,1
1035,6,1
1036,6,1
1037,6,1
1038,6,1
1039,6,1
0,7,2607
1040,6,1
1041,7,1
1042,7,1
1043,6,1
1044,6,1
1045,6,1
1046,6,1
1047,6,1
1048,6,1
1049,7,6
1050,7,1
1051,7,1
1052,7,1
1053,7,1
1054,7,1
24,11,64
1055,7,1
1056,7,1
1057,7,1
1058,7,1
1059,7,1
1060,7,1
1061,7,2
0,42,2734
1062,7,1
1063,7,1
1064,7,1
1065,7,1
1066,7,1
1067,7,1
1068,7,1
1069,7,1
1070,7,1
1071,7,1
1072,7,1
1073,7,1
1074,7,1
1075,7,1
1076,51,1
1077,51,1
1078,51,1
1079,51,10
1080,51,1
1081,51,5
1082,51,4
1083,51,10
1084,51,1
1085,51,11
1086,51,8
1087,51,5
1088,51,5
1089,51,6
1090,51,1
1091,51,4
1092,4,5
1093,4,5
1094,4,1
1095,4,8
1096,4,9
1097,4,3
1098,4,2
1099,4,3
1100,4,2
1101,4,5
1102,4,5
1103,4,1
1104,8,4
1105,4,2
1106,4,3
1107,4,3
1108,4,5
1109,4,4
1110,4,1
0,17,2673
1111,8,1
1112,8,1
1113,8,1
1114,8,1
1115,8,1
1116,8,1
1117,8,1
1118,8,2
1119,8,1
1120,8,1
1121,21,1
1122,21,2
1123,21,1
1124,17,1
1125,21,1
1126,21,1
1127,21,2
1128,21,2
1129,21,1
1130,25,1
1131,25,1
1132,25,1
1133,25,1
1134,25,1
1135,25,1
1136,30,1
1137,34,1
1138,30,2
1139,30,2
1140,30,10
1141,30,6
1142,30,6
1143,30,5
1144,34,1
1145,38,9
1146,38,1
1147,38,1
1148,38,1
1149,38,1
1150,38,1
0,9,2701
1151,43,1
1152,9,1
1153,9,1
1154,9,1
1155,9,1
1156,9,2
1157,10,1
1158,9,1
1159,10,1
1160,9,1
1161,9,1
1162,10,1
1163,10,1
1164,10,1
1165,10,1
1166,10,1
1167,10,1
1168,10,1
1169,10,1
1170,10,1
1171,10,1
1172,10,1
221,23,41
1173,10,1
1174,10,1
1175,10,1
1176,10,1
1177,11,1
1178,11,1
1179,11,1
1180,11,1
1181,11,1
1182,11,2
1183,11,1
1184,11,1
221,24,42
1185,11,1
1186,11,2
1187,11,1
1188,11,1
1189,11,1
1190,11,1
1191,12,1
1192,12,1
1193,12,1
1194,12,3
1195,12,4
1196,12,1
1197,12,1
1198,12,1
0,0,2633
1199,12,1
1200,0,1
1201,4,1
1202,0,1
1203,4,1
1204,8,2
1205,8,1
1206,4,2
1207,4,2
1208,4,1
1209,8,1
1210,8,1
1211,8,1
1212,12,1
1213,8,1
1214,12,1
1215,12,1
1216,17,1
1217,17,1
1218,17,1
1219,17,1
1220,21,4
1221,21,1
1222,21,1
1223,21,2
1224,25,1
1225,25,1
1226,25,1
1227,30,1
0,39,2607
1228,34,1
1229,43,1
1230,43,1
0,14,2379
1231,47,1
1232,47,1
1233,47,1
1234,47,2
1235,14,1
1236,14,1
1237,14,1
1238,14,1
1239,14,6
1240,14,4
1241,14,1
1242,14,1
1243,14,1
1244,14,1
1245,14,2
1246,14,1
1247,14,1
0,15,2519
1248,15,1
1249,15,1
1250,15,1
1251,15,1
1252,15,1
1253,15,1
1254,15,2
1255,15,1
1256,15,1
0,20,2510
1257,15,1
1258,15,1
1259,15,1
1260,15,1
1261,15,1
1262,15,1
1263,15,1
1264,15,1
1265,15,1
1266,15,1
1267,15,1
1268,16,1
1269,16,1
1270,16,1
1271,16,1
1272,16,1
1273,16,1
1274,16,1
1275,16,1
1276,16,1
1277,16,1
1278,16,1
1279,16,1
1280,16,1
1281,0,1
1282,0,1
0,13,2716
1283,4,1
1284,4,1
1285,4,1
1286,4,1
1287,4,1
1288,13,1
1289,8,1
1290,21,1
1291,21,1
1292,21,1
1293,26,1
1294,26,1
1295,26,1
1296,26,1
1297,34,1
1298,30,1
1299,30,9
1300,30,9
1301,30,3
1302,30,3
1303,34,1
1304,34,1
1305,34,1
1306,43,1
1307,47,1
0,18,2619
1308,47,1
1309,47,1
1310,47,1
1311,47,1
1312,47,1
1313,47,1
1314,18,2
1315,18,1
1316,18,1
1317,18,1
1318,18,1
1319,18,1
0,19,2506
1320,19,1
1321,18,1
1322,19,1
1323,18,2
1324,18,2
1325,19,1
1326,19,1
1327,19,1
1328,19,1
1329,19,1
1330,19,1
1331,19,1
1332,19,1
1333,19,1
1334,19,1
1335,19,1
1336,19,1
1337,19,1
1338,19,1
1339,19,1
1340,19,1
1341,19,2
1342,19,2
1343,19,1
1344,19,1
1345,19,2
1346,19,1
1347,19,1
1348,19,1
1349,19,1
1350,19,2
1351,19,1
1352,19,1
1353,19,1
1354,19,1
1355,19,1
1356,19,1
1357,19,1
1358,19,1
1359,19,1
1360,19,1
1361,19,1
1362,19,1
1363,19,1
1364,20,6
1365,20,1
1366,20,1
1367,20,1
1368,20,1
1369,20,1
1370,20,1
1371,20,1
1372,20,1
1373,20,1
1374,20,1
1375,20,1
1376,20,1
1377,20,1
1378,20,1
1379,21,1
1380,21,1
1381,21,1
1382,0,2
1383,0,2
1384,4,1
1385,8,1
1386,8,1
1387,8,1
1388,8,1
1389,8,1
1390,8,1
1391,8,1
1392,8,1
1393,17,1
1394,13,2
1395,13,1
1396,13,1
1397,17,1
1398,17,1
1399,17,1
1400,21,1
1401,21,1
1402,21,1
1403,21,1
1404,21,1
1405,21,1
1406,26,12
0,35,2649
1407,30,2
1408,30,1
1409,39,1
1410,39,1
1411,39,1
0,22,2703
1412,48,1
1413,23,5
1414,23,5
1415,23,6
1416,23,6
1417,23,1
1418,23,1
1419,23,2
1420,23,1
1421,23,1
1422,23,1
1423,23,1
1424,23,1
1425,23,1
1426,23,1
1427,23,1
1428,23,1
1429,24,1
1430,24,11
1431,24,1
1432,24,1
1433,24,1
1434,24,2
1435,24,1
1436,24,1
1437,24,2
1438,24,2
1439,24,1
1440,25,2
1441,25,1
1442,25,1
1443,25,1
1444,25,1
1445,25,1
1446,25,1
1447,25,1
1448,25,1
1449,25,1
1450,0,1
1451,0,1
1452,4,1
1453,4,1
1454,8,1
1455,8,1
1456,8,1
1457,8,1
1458,8,1
1459,13,1
1460,13,1
1461,22,1
1462,22,1
1463,22,1
1464,22,1
1465,26,1
1466,39,1
1467,43,1
0,27,2755
1468,23,1
1469,23,1
1470,27,1
1471,27,1
1472,27,1
1473,27,1
1474,27,1
0,28,2763
1475,27,2
1476,28,1
1477,28,1
1478,28,6
1479,28,6
1480,28,1
1481,28,1
1482,28,1
1483,28,1
1484,28,1
1485,28,1
1486,28,1
1487,28,1
1488,28,1
1489,28,1
1490,29,1
1491,29,1
1492,29,1
1493,29,1
1494,29,1
1495,29,1
1496,29,1
1497,29,1
1498,29,1
1499,0,1
1500,0,1
1501,0,1
1502,0,1
1503,5,1
1504,13,1
1505,13,1
1506,13,1
1507,17,1
1508,17,1
1509,17,1
1510,17,1
1511,22,1
1512,22,1
1513,22,1
1514,22,1
1515,22,1
1516,22,1
0,44,2701
1517,35,1
1518,39,3
74,31,65
1519,39,3
1520,39,1
1521,39,1
1522,39,1
1523,44,1
1524,31,2
1525,31,1
1526,31,1
0,32,2664
1527,32,14
1528,32,1
1529,32,1
1530,32,1
1531,32,1
1532,32,1
1533,32,1
0,36,2628
1534,32,1
1535,32,1
1536,32,1
1537,32,1
1538,32,1
1539,32,1
0,33,2658
1540,33,1
1541,32,1
1542,32,1
1543,32,1
1544,33,21
1545,33,1
1546,33,1
1547,33,1
1548,33,1
1549,33,1
1550,33,1
1551,33,1
1552,33,1
1553,33,1
1554,33,1
1555,33,1
1556,33,1
1557,33,1
1558,33,1
1559,33,1
1560,33,1
1561,33,1
1562,34,1
1563,34,4
1564,5,4
1565,0,1
1566,5,1
1567,5,4
1568,9,1
1569,13,1
1570,13,1
1571,13,1
1572,17,1
1573,17,1
1574,22,1
1575,22,1
1576,31,1
1577,26,1
1578,35,1
1579,35,1
1580,39,1
1581,48,1
1582,36,1
1583,36,1
1584,36,1
0,37,2616
1585,36,1
1586,36,2
1587,36,1
1588,36,1
1589,36,1
1590,37,5
1591,37,5
1592,37,5
1593,37,5
1594,37,2
1595,37,1
1596,37,1
1597,37,2
1598,37,2
1599,37,1
1600,37,1
1601,37,1
1602,37,1
1603,37,1
1604,37,1
1605,37,1
1606,37,1
1607,37,1
1608,37,1
1609,37,1
1610,37,1
1611,37,1
1612,37,1
1613,37,1
1614,37,1
1615,38,1
1616,38,1
1617,38,1
1618,38,1
1619,38,1
1620,38,1
1621,38,1
1622,38,1
1623,0,1
1624,0,1
1625,0,1
1626,0,1
1627,5,4
1628,5,1
1629,5,1
1630,5,1
1631,5,1
1632,5,1
1633,5,1
1634,5,1
1635,9,1
1636,13,1
1637,18,1
1638,22,2
1639,22,2
1640,26,1
1641,26,1
1642,26,1
1643,31,1
1644,31,1
1645,31,5
1646,35,1
1647,44,1
1648,44,1
0,40,2693
1649,40,1
1650,40,1
1651,40,1
1652,40,1
1653,40,1
1654,40,3
1655,40,3
1656,40,3
1657,40,2
1658,40,1
1659,40,3
0,41,2649
1660,40,7
1661,40,2
1662,40,1
1663,40,1
1664,41,1
1665,41,2
1666,41,2
1667,41,1
1668,41,1
1669,41,1
1670,41,1
1671,41,1
1672,41,1
1673,41,1
1674,41,1
1675,41,1
1676,41,1
1677,41,10
1678,41,10
1679,41,2
1680,41,1
1681,41,1
1682,41,2
1683,41,1
1684,42,4
1685,41,1
1686,41,1
1687,41,2
1688,42,12
1689,42,5
1690,42,5
1691,42,4
1692,42,1
1693,42,1
1694,42,1
1695,42,10
1696,42,10
1697,42,9
1698,42,1
1699,42,1
1700,42,1
1701,42,1
1702,42,1
1703,42,1
1704,42,1
1705,42,1
1706,42,1
1707,42,1
1708,42,1
1709,42,1
1710,42,1
1711,42,1
1712,1,3
1713,5,1
1714,5,1
571,46,1
1715,9,2
1716,13,1
1717,13,1
1718,22,1
1719,22,1
1720,26,1
1721,31,1
1722,31,2
1723,31,1
1724,35,1
1725,40,1
1726,40,1
1727,44,1
1728,48,1
1729,44,1
1730,44,4
1731,44,1
18,45,50
1732,44,1
1733,45,1
1734,45,1
1735,45,1
1736,45,1
1737,45,1
1738,45,1
1739,45,1
1740,45,1
1741,45,1
1742,45,1
1743,45,1
1744,45,1
1745,45,1
1746,45,1
1747,46,12
1748,46,1
1749,46,6
1750,46,1
1751,46,1
1752,46,1
1753,46,1
1754,46,1
1755,46,1
1756,46,1
1757,46,1
1758,46,1
1759,46,1
1760,46,1
1761,46,1
1762,46,1
1763,47,1
1764,1,1
1765,9,1
1766,9,1
1767,14,1
1768,18,1
1769,18,1
1770,18,1
1771,18,1
1772,18,1
1773,31,1
1774,35,1
1775,40,1
1776,40,1
1777,49,1
1778,49,1
1779,49,1
1780,49,1
735,50,6
1781,49,4
1782,49,1
1783,49,1
1784,49,1
1785,49,1
1786,49,2
1787,49,1
1788,49,1
1789,49,1
1790,49,1
1791,49,1
1792,50,1
1793,50,1
1794,50,1
1795,50,1
1796,50,1
1797,50,1
1798,50,1
1799,50,1
1800,50,1
1801,50,1
1802,50,1
1803,50,1
1804,50,1
1805,50,1
1806,50,1
1807,50,1
1808,50,1
1809,50,1
1810,50,1
1811,50,1
1812,50,1
1813,50,1
1814,51,1
1815,51,1
1816,51,1
1817,51,1
1818,51,1
1819,51,1
1820,51,1
1821,51,1
1822,51,1
1823,51,1
469,103,12
464,56,18
1824,103,2
0,64,2962
1825,56,1
0,60,2985
1826,56,1
1827,56,1
1828,56,1
1829,56,1
1830,60,1
1831,56,2
1832,56,1
1833,56,1
1834,56,1
1835,60,1
0,68,2929
1836,64,1
1837,64,1
1838,68,1
1839,64,1
0,73,2978
0,77,2958
0,82,2907
1840,73,1
1841,77,1
0,86,2971
0,90,2988
1842,82,1
1843,86,1
1844,86,2
0,95,2961
0,99,2942
433,53,4
1845,99,1
1846,99,1
1847,99,1
1848,53,1
1849,53,1
1850,53,1
1851,53,1
1852,53,1
0,54,2969
1853,54,1
1854,54,1
1855,54,12
1856,54,7
1857,54,1
1858,54,1
1859,54,1
1860,54,1
1861,54,1
1862,54,1
1863,54,1
1864,54,1
1865,54,1
0,55,2956
1866,54,1
1867,54,1
1868,54,1
1869,54,1
1870,54,1
1871,55,1
1872,55,2
1873,55,1
1874,55,1
1875,55,1
1876,55,1
1877,55,1
1878,55,1
1879,55,1
1880,55,1
1881,56,3
1882,103,1
1883,103,1
1884,56,3
1885,103,1
1886,103,1
1887,103,1
1888,103,3
0,69,3002
1889,60,1
1890,60,1
1891,60,1
1892,60,1
1893,60,1
1894,64,1
1895,69,1
1896,69,1
1897,77,1
1898,73,1
1899,86,1
0,57,3057
1900,99,1
1901,99,1
1902,57,1
18,58,48
1903,58,1
1904,58,1
1905,58,1
1906,58,1
1907,58,1
1908,58,1
1909,58,1
1910,58,1
0,59,3000
1911,58,1
1912,58,1
1913,58,1
1914,58,1
1915,58,1
1916,59,1
1917,59,1
1918,59,1
1919,59,1
1920,59,1
1921,59,1
1922,59,1
1923,59,1
1924,59,1
1925,59,1
211,63,36
1926,59,1
1927,59,1
1928,59,1
0,52,2943
186,91,24
1929,86,1
1930,86,1
1931,91,1
1932,91,1
1933,91,1
1934,91,1
0,61,3064
60,62,28
1935,62,1
1936,62,1
1937,62,1
1678,67,2
1938,62,1
1939,62,1
1940,62,1
1941,62,1
1942,62,1
1943,62,1
1944,62,2
1945,63,1
1946,63,1
1947,63,1
1948,64,1
1949,64,1
1950,64,1
1951,64,3
1952,64,3
1953,60,1
1954,69,1
1955,73,1
1956,82,1
1957,52,11
1958,52,14
1959,56,1
0,65,2979
1960,69,12
795,78,2
1961,82,1
1962,82,1
1963,86,1
1964,86,1
1965,86,1
1966,86,1
1967,86,1
1968,86,1
1969,91,1
1970,91,2
1971,95,1
0,66,3043
1972,99,1
1973,99,1
1974,99,1
731,100,6
1975,66,1
1976,66,1
1977,66,1
1978,66,1
1979,66,1
1980,66,1
1981,66,1
1982,66,1
1983,66,1
1984,67,1
1985,67,2
1986,67,2
1987,67,1
1988,67,1
1989,67,1
988,72,1
1990,68,3
1991,68,5
1992,68,3
1993,68,2
1994,68,2
1995,68,1
1996,68,1
1997,68,1
1998,68,1
1999,68,1
2000,68,1
2001,52,1
2002,68,1
2003,52,1
2004,56,3
2005,60,1
2006,65,1
2007,65,1
2008,73,1
2009,73,1
0,87,2928
2010,78,1
2011,78,1
2012,91,1
437,70,4
2013,100,1
2014,70,3
2015,70,1
2016,70,1
37,71,10
2017,70,1
2018,70,1
2019,70,1
2020,70,1
2021,70,1
2022,71,5
2023,71,5
2024,71,1
2025,71,1
2026,71,1
2027,71,1
2028,72,1
2029,72,1
2030,72,1
2031,72,1
2032,73,1
2033,73,1
2034,73,1
2035,73,1
0,74,3003
2036,82,1
2037,78,1
2038,78,1
2039,78,1
2040,78,1
2041,78,1
2042,82,1
2043,87,1
2044,87,1
2045,91,4
2046,95,2
2047,91,5
2048,91,5
2049,91,1
791,75,8
2050,95,1
2051,95,1
2052,95,1
2053,95,1
2054,100,1
639,76,5
2055,75,1
2056,75,1
2057,75,1
2058,75,2
2059,75,2
2060,75,3
2061,75,1
2062,75,1
2063,75,1
2064,76,1
2065,76,1
2066,76,1
2067,76,1
2068,76,1
2069,76,1
2070,76,1
2071,76,1
2072,77,4
2073,77,1
2074,77,1
2075,77,1
2076,56,1
2077,56,1
2078,56,1
250,81,22
2079,81,6
2080,81,6
2081,81,7
2082,81,7
2083,81,6
2084,81,6
2085,81,6
2086,81,5
2087,81,6
2088,81,6
2089,81,1
2090,52,1
2091,52,1
2092,57,1
2093,61,1
2094,69,1
2095,65,1
2096,69,1
2097,78,1
2098,74,1
2099,74,2
2100,74,1
2101,74,1
2102,74,1
2103,82,1
2104,82,1
0,96,3109
2105,87,1
2106,87,1
2107,87,1
2108,87,1
2109,91,1
2110,91,1
941,79,6
2111,100,1
2112,79,1
0,80,3089
2113,80,1
2114,80,1
2115,80,1
2116,80,1
2117,80,1
2118,81,1
2119,81,1
2120,81,1
2121,81,1
2122,81,1
2123,57,1
2124,52,1
2125,52,1
2126,57,1
2127,57,1
2128,57,1
2129,69,1
2130,74,1
2131,74,1
0,83,3044
2132,78,1
2133,78,1
2134,78,1
2135,78,1
2136,100,1
0,84,3022
2137,83,1
2138,83,1
2139,84,2
2140,84,2
2141,84,7
2142,84,6
2143,84,5
2144,84,1
2145,84,1
2146,84,1
2147,84,1
2148,84,1
2149,84,1
2150,84,1
0,85,3010
2151,84,1
2152,84,1
2153,84,1
2154,84,1
2155,85,4
2156,85,4
2157,85,1
2158,85,1
2159,85,1
2160,85,1
2161,86,3
2162,86,3
2163,90,5
2164,90,5
2165,90,5
2166,90,5
2167,90,5
2168,90,5
2169,90,1
2170,83,1
2171,83,1
2172,87,1
2173,87,1
2174,91,1
2175,96,1
0,88,3075
2176,100,1
2177,100,1
2178,100,1
2179,100,1
2180,88,1
2181,88,1
2182,88,1
2183,88,2
2184,88,2
2185,88,1
0,89,3064
2186,88,1
2187,88,1
2188,89,1
2189,89,1
2190,89,1
2191,89,1
2192,89,1
2193,89,1
2194,89,1
2195,90,2
2196,52,1
2197,90,1
2198,65,1
2199,65,1
2200,65,1
2201,65,1
2202,74,1
2203,74,1
83,93,144
2204,93,5
2205,93,5
2206,93,2
2207,93,2
2208,93,4
2209,93,1
2210,93,1
2211,93,1
2212,93,1
32,94,18
2213,94,1
2214,94,1
2215,94,1
2216,94,1
2217,94,1
2218,61,1
2219,61,1
2220,93,1
2221,70,1
2222,78,1
2223,83,1
2224,83,1
2225,95,1
0,92,2836
2226,83,1
2227,83,1
2228,87,1
2229,87,1
2230,92,1
2231,94,1
2232,94,1
2233,92,1
2234,96,1
2235,92,1
2236,92,1
2237,92,2
2238,92,1
2239,92,1
2240,92,1
2241,92,1
2242,94,1
2243,94,1
2244,94,1
2245,94,1
2246,93,1
2247,93,1
482,97,46
2248,97,12
2249,97,7
2250,97,7
2251,97,3
2252,79,1
2253,79,1
2254,79,1
2255,97,1
2256,96,1
2257,100,1
2258,100,1
2259,100,1
2260,100,1
2261,100,1
2262,96,1
2263,97,1
2264,87,1
2265,87,1
2266,61,1
2267,87,1
2268,97,1
2269,97,1
2270,97,1
2271,97,4
2272,97,1
2273,97,1
2274,97,1
0,98,3016
2275,97,1
2276,98,1
2277,98,1
2278,98,1
2279,98,2
2280,98,1
2281,98,1
2282,98,1
2283,98,1
2284,99,1
2285,99,1
2286,99,1
2287,99,1
2288,99,1
2289,53,1
2290,53,1
2291,53,1
2292,74,1
2293,70,1
2294,79,1
2295,79,1
2296,83,1
2297,83,1
0,101,3366
2298,92,1
2299,101,1
2300,101,1
2301,101,1
2302,101,1
0,102,3396
2303,101,1
2304,102,1
2305,102,1
2306,102,1
2307,102,1
2308,102,1
2309,102,1
2310,103,1
2311,103,1
2312,103,1
2313,103,5
2314,103,4
2315,103,1
2316,103,3
2317,103,3
2318,103,1
2319,103,1
2320,103,1
2321,103,1
0,155,3464
978,108,10
0,112,2963
2322,108,1
2323,108,1
2324,108,1
2325,108,1
2326,108,1
2327,108,1
162,116,34
0,121,3151
0,125,3049
0,129,3125
2328,121,1
2329,121,1
0,134,3132
5,138,17
2330,129,1
0,143,3108
0,147,3024
2331,143,1
161,151,88
0,105,3250
2332,147,1
2333,151,1
2334,151,1
0,106,3428
2335,105,1
2336,105,1
2337,105,1
2338,106,1
2339,106,1
2340,106,1
0,107,3333
2341,107,1
2342,107,1
2343,107,1
2344,107,1
2345,107,1
2346,108,1
2347,108,1
2348,108,1
0,104,3546
2349,108,1
2350,104,1
0,117,3115
0,130,3110
2351,125,1
2352,134,1
2353,134,1
2354,138,1
2355,143,1
2356,147,1
0,110,3293
2357,110,1
0,111,3318
2358,110,1
2359,111,1
2360,111,1
2361,111,1
2362,111,1
2363,111,1
2364,112,1
2365,112,1
2366,108,2
2367,108,1
2368,121,1
2369,125,1
0,139,3057
2370,134,1
0,152,3080
0,114,3086
2371,152,1
2372,114,1
2373,114,1
2374,114,1
2375,114,1
2376,114,1
2377,114,1
2378,114,1
0,115,3056
2379,114,2
2380,114,2
2381,114,1
2382,114,1
2383,115,1
2384,115,1
2385,115,1
2386,115,1
2387,115,1
2388,115,1
2389,115,1
2390,115,1
2391,115,1
2392,115,1
2393,115,1
2394,116,1
2395,116,1
2396,116,1
2397,116,1
2398,104,1
2399,104,1
0,126,3033
2400,117,1
2401,121,1
2402,121,1
2403,130,1
2404,130,1
2405,134,1
2406,139,1
2407,139,4
2408,139,3
2409,139,1
0,118,3032
2410,152,3
2411,152,3
2412,118,1
2413,118,1
2414,118,1
0,119,2903
2415,119,1
2416,119,2
0,120,2921
2417,119,1
2418,120,1
2419,120,1
2420,120,1
2421,120,1
2422,120,1
2423,120,1
2424,120,1
2425,121,1
2426,121,1
2427,139,1
0,148,3039
2428,139,1
2429,139,2
2430,139,1
2431,143,1
2432,143,1
0,122,3065
2433,148,1
2434,148,3
2435,148,3
0,123,2962
2436,152,1
2437,152,1
2438,152,1
2439,123,1
2440,123,1
2441,123,1
0,124,2922
2442,123,1
2443,124,1
2444,124,1
2445,124,12
2446,124,12
2447,124,12
2448,124,12
2449,124,1
2450,124,1
2451,124,1
2452,124,1
2453,124,2
2454,124,2
2455,124,1
2456,124,1
2457,125,2
2458,125,1
2459,125,1
0,109,3113
2460,104,1
0,113,3060
2461,113,1
2462,126,1
2463,126,1
2464,109,1
2465,113,1
2466,126,2
2467,126,1
2468,121,1
0,135,3100
2469,126,1
2470,126,1
2471,130,2
2472,130,2
2473,135,1
2474,135,1
2475,139,1
2476,139,1
2477,152,2
2478,152,2
0,127,3035
2479,152,1
2480,152,1
2481,127,1
2482,127,1
2483,127,1
2484,127,1
0,128,3045
2485,128,1
2486,128,1
2487,128,1
2488,128,1
2489,128,1
2490,128,1
2491,128,1
2492,128,1
2493,128,1
2494,128,1
2495,128,1
2496,129,1
2497,129,1
2498,129,2
2499,117,1
2500,122,1
2501,122,1
2502,126,1
2503,126,1
2504,126,1
2505,130,1
2506,135,1
2507,135,1
0,131,3076
2508,131,1
2509,152,1
0,132,3102
2510,131,1
2511,131,1
2512,132,1
2513,132,1
2514,132,1
2515,132,1
2516,132,1
2517,132,1
0,133,3104
2518,133,1
2519,133,1
2520,133,1
2521,133,1
2522,133,1
2523,122,1
2524,130,1
0,144,3072
2525,144,1
0,136,3227
2526,136,1
0,137,3184
2527,137,1
2528,137,1
2529,137,1
2530,137,1
2531,137,1
2532,138,1
2533,138,1
2534,105,1
2535,122,1
0,140,3063
2536,152,1
2537,152,1
2538,140,6
2539,140,5
2540,140,1
0,141,2985
2541,140,1
2542,140,1
2543,140,1
2544,141,1
2545,141,1
2546,141,4
2547,141,3
2548,141,1
0,142,2982
2549,141,1
2550,141,1
2551,142,1
2552,142,1
2553,142,1
2554,142,1
2555,142,1
2556,142,1
2557,142,3
2558,142,1
2559,142,1
2560,142,1
2561,142,1
2562,105,1
2563,105,1
2564,105,1
2565,113,1
2566,113,1
2567,122,3
2568,118,2
2569,135,1
0,153,3159
2570,144,1
2571,148,1
2572,153,1
2573,144,1
2461,145,1
2574,144,1
2575,144,1
2576,145,1
2577,144,1
2578,144,1
2579,144,1
2580,145,1
2581,144,1
2582,145,1
2583,145,1
2584,145,1
2585,145,1
2586,145,1
2587,145,1
2588,145,1
2589,145,1
2590,145,1
0,146,3013
2591,145,1
2592,146,1
2593,146,7
2594,146,1
2595,146,1
2596,146,1
2597,140,1
2598,140,1
2599,140,1
2600,148,1
0,149,3056
2601,148,1
2602,148,1
2603,153,1
2604,149,1
2605,149,1
2606,149,1
2607,149,1
2608,149,1
0,150,3079
2609,150,1
2610,150,1
2611,150,1
2612,150,1
2613,150,1
2614,151,1
2615,151,1
2616,151,1
2617,151,1
2618,105,1
2619,105,1
2620,109,1
2621,109,1
2622,127,1
2623,105,1
2624,105,1
2625,109,1
2626,122,1
2627,149,1
2628,153,2
2629,153,1
2630,153,1
0,154,3346
2631,154,2
2632,154,2
2633,154,1
2634,154,1
2635,154,1
2636,154,1
2637,154,1
2638,154,1
2639,154,1
2640,155,1
2641,154,1
2642,155,1
8,156,93
1406,160,26
0,164,3315
0,169,3223
2643,160,1
2644,164,1
0,166,3267
2645,169,1
165,173,19
0,170,3176
0,177,3162
231,182,138
0,186,3279
0,179,3226
0,190,3202
0,183,3252
0,195,3214
141,199,62
0,203,3230
0,157,3280
2646,199,1
0,158,3362
2647,158,1
2648,158,1
0,159,3411
2649,158,1
2650,158,1
2651,159,2
2652,159,2
2653,159,1
2654,159,1
2655,159,1
2656,159,1
2657,160,1
2658,169,1
2659,169,1
2660,169,1
0,191,3217
2661,182,1
2662,182,1
0,204,3210
1013,162,33
0,163,3302
2663,163,4
2664,163,3
2665,163,1
2666,163,1
2667,163,1
2668,163,1
0,178,3210
2669,169,1
2670,178,1
2671,178,1
2672,178,5
2673,182,3
0,167,3242
2674,167,1
2675,167,1
2676,167,1
0,168,3274
2677,167,1
2678,168,1
2679,168,1
2680,168,1
2681,168,1
0,161,3178
2682,168,1
0,165,3158
2683,169,1
2684,169,2
2685,169,1
2686,169,1
2687,169,1
2688,169,5
2689,169,3
2690,169,1
2691,173,1
2692,178,1
2693,191,1
0,200,3161
2694,195,1
2695,170,1
0,171,3109
2696,170,1
2697,171,1
2698,171,1
2699,171,1
0,172,3120
2700,171,1
2701,171,1
2702,172,1
2703,156,1
2704,165,1
2705,165,1
2706,165,1
2707,165,1
2708,169,1
0,187,3154
2709,191,1
2710,191,1
2711,195,1
0,175,3058
2712,204,1
2713,204,1
2714,175,1
2715,175,3
2716,175,3
2717,175,3
2718,175,3
2719,175,3
2720,175,3
2721,175,3
2722,175,3
2723,175,1
2724,175,1
2725,175,1
2726,175,1
191,176,147
2727,176,1
2728,176,1
2729,176,1
2730,176,1
2731,177,1
2732,177,1
2733,177,1
0,174,3181
2734,174,1
2735,178,1
2736,195,1
2737,200,1
2738,204,1
2739,179,1
2740,179,1
2741,179,1
2742,179,1
2743,179,1
2744,179,1
0,180,3142
2745,179,4
2746,179,2
2747,180,1
2748,180,1
2749,180,1
2750,180,1
2751,180,1
2752,180,7
2753,180,1
2754,180,1
0,181,3191
2755,180,1
2756,180,1
2757,180,1
2758,180,1
2759,180,1
2760,181,1
2761,181,1
2762,181,1
2763,181,1
2764,181,1
2765,181,1
2766,181,1
2767,181,1
2768,181,1
2769,181,1
141,196,59
2770,183,1
2771,183,1
2772,183,1
784,184,31
2773,184,5
2774,184,5
2775,184,1
2776,184,1
2777,184,1
2778,184,1
166,185,48
2779,184,1
2780,184,1
2781,184,1
2782,185,1
2783,185,1
2784,185,1
2785,186,3
2786,186,1
2787,196,1
2788,196,1
0,188,3248
2789,204,1
2790,204,1
2791,188,1
2792,188,1
106,189,48
2793,188,2
2794,189,2
2795,189,1
2796,189,2
2797,189,1
2798,189,1
2799,165,1
0,192,3198
2800,183,1
2801,187,3
2802,187,1
2803,192,1
2804,196,1
0,205,3276
2805,200,1
2806,192,1
2807,200,1
2808,200,1
2809,200,1
0,193,3177
2810,193,1
0,194,3175
2811,194,6
2812,194,1
2813,195,1
2814,195,1
2815,161,1
2816,170,1
2817,192,1
2818,205,1
2819,205,1
0,197,3170
2820,197,1
2821,196,1
2822,197,2
2823,197,2
2824,197,1
2825,197,2
2826,197,4
2827,197,1
2828,197,1
0,198,3207
2829,198,1
2830,198,1
2831,198,1
2832,199,1
2833,162,4
2834,162,4
2835,170,1
2836,170,1
0,201,3214
2837,201,1
2838,201,1
2839,201,1
2840,201,1
0,202,3248
2841,201,1
2842,201,1
2843,201,1
2844,201,1
2845,201,1
2846,202,1
2847,202,1
2848,202,1
2849,202,1
2850,203,1
2851,203,1
2852,203,1
2853,203,1
2854,203,1
2855,203,1
2856,203,1
2857,203,1
2858,157,1
2859,157,1
2860,166,1
2861,166,1
2862,170,1
2863,174,1
2864,174,1
2865,183,1
2866,188,1
2867,196,1
2868,201,1
2869,201,1
2870,205,7
2871,205,6
1145,206,22
2872,206,1
2873,206,7
2874,206,2
2875,206,2
2876,206,2
2877,206,1
0,207,3204
2878,206,4
2879,206,2
2880,206,2
2881,206,1
2882,206,5
2883,206,1
2884,207,1
8,208,93
1406,212,26
0,216,3315
0,221,3223
0,218,3267
165,225,19
0,222,3176
0,229,3162
231,234,138
0,238,3279
0,231,3226
0,242,3202
0,235,3252
0,247,3214
141,251,62
0,255,3230
0,209,3280
0,210,3362
0,211,3411
0,243,3217
0,256,3210
1013,214,33
0,215,3302
0,230,3210
0,219,3242
0,220,3274
0,213,3178
0,217,3158
0,252,3161
0,223,3109
0,224,3120
0,239,3154
0,227,3058
191,228,147
0,226,3181
0,232,3142
0,233,3191
141,248,59
784,236,31
166,237,48
0,240,3248
106,241,48
0,244,3198
0,257,3276
0,245,3177
0,246,3175
0,249,3170
0,250,3207
0,253,3214
0,254,3248
1145,258,22
0,259,3204
8,260,93
1406,264,26
0,268,3315
0,273,3223
0,270,3267
165,277,19
0,274,3176
0,281,3162
231,286,138
0,290,3279
0,283,3226
0,294,3202
0,287,3252
0,299,3214
141,303,62
0,307,3230
0,261,3280
0,262,3362
0,263,3411
0,295,3217
0,308,3210
1013,266,33
0,267,3302
0,282,3210
0,271,3242
0,272,3274
0,265,3178
0,269,3158
0,304,3161
0,275,3109
0,276,3120
0,291,3154
0,279,3058
191,280,147
0,278,3181
0,284,3142
0,285,3191
141,300,59
784,288,31
166,289,48
0,292,3248
106,293,48
0,296,3198
0,309,3276
0,297,3177
0,298,3175
0,301,3170
0,302,3207
0,305,3214
0,306,3248
1145,310,22
0,311,3204
8,312,93
1406,316,26
0,320,3315
0,325,3223
0,322,3267
165,329,19
0,326,3176
0,333,3162
231,338,138
0,342,3279
0,335,3226
0,346,3202
0,339,3252
0,351,3214
141,355,62
0,359,3230
0,313,3280
0,314,3362
0,315,3411
0,347,3217
0,360,3210
1013,318,33
0,319,3302
0,334,3210
0,323,3242
0,324,3274
0,317,3178
0,321,3158
0,356,3161
0,327,3109
0,328,3120
0,343,3154
0,331,3058
191,332,147
0,330,3181
0,336,3142
0,337,3191
141,352,59
784,340,31
166,341,48
0,344,3248
106,345,48
0,348,3198
0,361,3276
0,349,3177
0,350,3175
0,353,3170
0,354,3207
0,357,3214
0,358,3248
1145,362,22
0,363,3204
0,368,3345
0,367,3449
0,394,3418
0,365,3334
0,366,3448
0,407,3412
0,398,3390
0,411,3517
0,381,3378
0,402,3448
0,415,1324
0,385,3245
0,372,3315
0,376,3306
0,389,3306
0,364,3388
2885,365,1
2886,368,1
2887,376,1
2888,368,1
2889,366,1
2890,368,6
2891,367,6
2892,368,5
2893,366,5
2894,367,26
2895,367,1
2896,366,1
2897,367,1
2898,402,1
2899,367,1
2900,407,1
2901,368,24
2902,365,1
2903,367,6
2904,368,7
2905,366,6
2906,368,5
2907,389,5
2908,367,17
2909,367,1
2910,389,1
2911,415,1
2912,389,1
2913,398,7
2914,376,5
2915,366,3
2916,394,7
2917,407,7
2918,368,6
2919,365,1
2920,366,3
2921,398,11
2922,365,3
2923,394,4
2924,365,11
2925,367,15
2926,367,6
2927,366,6
2928,366,22
2929,368,6
2930,366,22
2931,365,6
2932,366,5
2933,367,1
2934,398,52
2935,398,50
2936,366,1
2937,407,1
2938,366,1
2939,367,1
2940,367,3
2941,365,3
2942,368,2
2943,372,1
2944,415,1
2945,372,1
2946,372,1
2947,368,1
2948,368,2
2949,368,1
2950,365,2
2951,365,3
2952,366,6
2953,365,2
2954,365,2
2955,366,7
2956,366,12
2957,368,9
2958,366,7
2959,366,7
2960,365,3
2961,366,6
2962,372,12
2963,385,27
2964,394,23
2965,366,7
2966,402,1
2967,366,30
2968,367,28
2969,365,7
2970,366,1
2971,389,1
2972,376,6
2973,368,1
2974,398,1
2975,376,1
2976,394,1
2977,394,1
2978,368,1
2979,398,1
2980,365,1
2981,394,1
2982,365,1
2983,365,1
2984,367,1
2985,394,1
2986,366,2
2987,365,1
2988,366,2
2989,381,1
2990,365,1
2991,365,1
2992,367,1
2993,372,2
2994,367,1
2995,368,2
2996,411,1
2997,366,6
2998,365,3
2999,376,1
3000,368,1
3001,366,7
3002,366,7
3003,366,1
3004,368,7
3005,366,5
3006,366,5
3007,381,1
0,371,3450
0,370,3397
0,403,3347
3008,364,1
3009,370,1
3010,385,2
3011,370,1
3012,370,1
3013,368,1
3014,370,1
3015,407,1
3016,371,1
3017,389,1
3018,385,1
3019,371,1
3020,403,1
3021,370,1
3022,370,1
3023,372,1
3024,407,1
3025,371,1
3026,381,1
0,377,3424
0,390,3362
0,374,3361
0,375,3352
3027,390,1
3028,374,2
3029,376,1
3030,368,1
3031,376,1
3032,368,2
3033,398,1
3034,374,1
3035,374,1
3036,376,1
3037,374,1
3038,375,1
3039,375,1
3040,364,1
3041,407,1
3042,374,1
3043,394,1
3044,403,1
3045,376,1
3046,375,1
3047,375,1
0,380,3250
0,378,3107
0,379,3270
0,412,3377
0,399,3432
3048,380,1
3049,368,1
3050,380,1
3051,407,2
3052,407,1
3053,380,1
3054,399,1
3055,364,1
3056,377,1
3057,412,1
3058,379,1
3059,380,2
3060,378,2
3061,379,1
3062,380,1
3063,380,6
3064,378,4
0,384,3266
0,386,3477
0,383,3271
0,382,3084
0,369,3174
3065,403,1
3066,383,1
3067,399,1
3068,385,2
3069,377,1
3070,384,1
3071,399,1
3072,385,1
3073,377,1
3074,390,1
3075,412,1
3076,385,1
3077,412,1
3078,383,1
3079,399,1
3080,386,1
3081,384,1
3082,403,1
3083,403,1
3084,403,1
0,388,3266
0,387,2947
0,373,3129
76,408,30
3085,389,1
3086,389,2
3087,403,1
3088,394,1
3089,381,2
3090,388,1
3091,387,1
3092,387,1
3093,412,1
3094,387,1
3095,389,1
3096,389,2
3097,389,2
3098,389,1
0,392,3593
0,393,3610
0,391,3227
0,395,3194
3099,408,1
3100,393,1
3101,403,1
3102,373,1
3103,393,1
3104,393,1
3105,392,1
3106,381,1
3107,393,1
3108,392,1
3109,399,2
3110,390,1
3111,369,1
0,396,3511
0,397,3510
3112,382,1
3113,398,1
3114,382,1
3115,397,1
3116,397,1
3117,397,1
3118,408,1
3119,396,1
0,401,3518
0,400,3127
0,404,3156
3120,412,1
3121,400,1
3122,402,1
3123,402,1
3124,402,1
3125,400,2
3126,399,1
3127,399,1
3128,369,1
3129,369,1
3130,369,1
3131,401,1
3132,400,1
3133,402,1
0,405,3483
0,406,3475
3134,399,1
3135,407,1
3136,407,1
3137,408,1
3138,405,1
3139,395,1
3140,395,1
3141,404,1
3142,404,1
3143,404,1
3144,404,1
3145,405,1
3146,405,1
3147,405,1
3148,386,1
3149,407,2
3150,407,2
3151,404,1
3152,412,1
3153,405,1
3154,406,1
3155,405,1
3156,391,1
3157,408,1
0,409,3576
0,410,3580
0,413,1476
3158,408,1
3159,410,1
3160,410,1
3161,369,1
3162,409,1
3163,409,1
3164,409,1
3165,411,1
3166,408,1
3167,408,1
3168,409,1
3169,408,1
3170,411,1
3171,413,1
3172,410,1
3173,404,1
3174,404,1
3175,413,1
3176,395,1
3177,395,1
3178,413,2
0,414,1263
3179,413,1
3180,413,1
3181,413,1
3182,414,2
3183,414,2
3184,414,1
3185,414,1
3186,414,1
3187,414,1
3188,414,1
0,420,3804
0,424,3758
0,428,3099
0,433,3401
0,437,3297
0,441,3100
0,446,3411
0,450,3332
0,455,3397
0,459,3372
0,463,3254
0,417,3434
0,418,4044
0,419,4022
0,416,3797
3189,419,1
3190,416,1
3191,419,1
3192,420,1
3193,420,1
3194,417,1
3195,424,1
3196,424,1
0,429,3352
0,442,3284
0,422,3918
0,423,3953
3197,442,1
3198,433,1
3199,433,1
3200,424,1
3201,433,5
3202,433,9
3203,450,1
3204,450,2
3205,437,2
3206,437,2
3207,437,1
3208,437,1
3209,423,5
3210,423,3
3211,437,1
3212,437,1
3213,433,2
3214,424,1
3215,463,1
0,451,3176
0,464,3116
0,426,3658
0,427,3822
3216,464,1
3217,464,1
3218,427,1
3219,428,1
3220,433,1
3221,427,1
3222,451,1
3223,428,2
3224,426,1
3225,428,5
3226,427,1
0,438,3123
0,430,3059
0,431,3074
0,432,3058
3227,432,1
3228,433,1
3229,430,1
3230,459,1
3231,431,1
0,421,3068
3232,442,1
3233,432,1
3234,431,1
3235,432,1
3236,432,1
0,425,3058
0,460,3066
0,434,3180
0,435,2919
0,436,2917
3237,437,1
3238,436,1
3239,436,1
3240,436,1
3241,436,3
3242,436,1
3243,436,1
3244,436,1
3245,455,1
3246,437,1
3247,437,1
3248,437,1
3249,436,1
3250,436,1
3251,436,1
3252,436,2
3253,451,1
3254,435,1
3255,436,1
3256,435,1
3257,436,1
3258,436,1
3259,436,1
0,447,3149
0,439,3019
0,440,3135
3260,429,1
3261,439,1
3262,433,1
3263,425,5
3264,440,1
3265,440,1
3266,440,1
0,443,3247
0,444,3266
0,445,3256
3267,445,1
3268,421,1
3269,464,1
3270,464,1
3271,464,1
3272,451,1
3273,446,1
3274,443,1
3275,443,1
3276,444,6
0,456,3159
0,448,3133
0,449,3168
3277,448,1
3278,448,1
3279,448,1
3280,425,1
3281,450,1
3282,449,1
3283,449,4
3284,449,3
3285,450,2
3286,449,1
3287,449,1
3288,449,1
0,452,3171
0,453,3105
0,454,3018
3289,453,1
3290,421,1
3291,434,1
3292,454,1
3293,452,1
3294,454,1
3295,443,1
3296,454,1
0,465,3255
0,457,2979
0,458,2990
3297,458,1
3298,457,1
3299,458,1
3300,457,1
3301,459,1
3302,458,1
3303,458,1
3304,458,2
3305,458,1
3306,456,1
3307,452,1
3308,458,1
3309,458,1
3310,457,1
3311,459,1
0,461,3102
0,462,3091
3312,443,1
3313,443,1
3314,462,1
3315,462,1
3316,463,1
3317,462,1
3318,463,1
3319,462,1
3320,462,1
0,466,3382
0,467,3243
3321,466,1
3322,466,1
3323,466,1
3324,467,1
3325,466,2
3326,466,2
3327,466,1
3328,466,1
3329,467,1
3330,466,1
3331,430,1
3332,430,1
3333,456,1
3334,466,1
3335,452,1
3336,466,1
3337,443,1
0,471,3577
0,472,3570
0,468,3577
0,476,3461
0,481,2682
0,485,3087
0,489,3027
0,494,2718
0,498,1861
0,502,3009
0,507,3149
0,511,3075
0,515,2977
0,469,2648
0,470,3553
3338,476,1
3339,472,1
3340,507,2
3341,485,1
3342,470,1
3343,470,1
3344,471,1
3345,472,1
0,474,3373
0,478,3162
0,486,2440
0,516,2582
0,475,3433
0,503,2733
3346,494,1
3347,485,4
3348,475,1
3349,476,1
3350,475,1
3351,485,1
3352,511,1
0,505,2925
3353,474,1
3354,475,1
3355,475,1
3356,475,1
0,490,2528
0,479,3162
0,480,3131
3357,481,1
3358,480,1
3359,485,1
3360,485,1
3361,478,1
0,473,2468
3362,516,1
3363,478,1
3364,478,1
3365,479,1
3366,516,1
3367,478,1
3368,478,1
3369,478,1
3370,478,1
3371,478,1
3372,478,1
3373,478,2
3374,479,3
3375,479,3
3376,479,3
3377,479,3
3378,479,2
3379,479,2
3380,479,2
3381,479,2
3382,480,1
3383,468,1
221,477,23
3384,477,1
3385,494,1
3386,498,1
168,512,45
0,482,3003
3387,482,1
0,483,2904
3388,483,1
0,484,2883
3389,483,1
0,487,2881
0,488,2863
0,499,2462
3390,488,1
3391,477,4
3392,488,1
3393,487,1
3394,477,1
3395,489,1
3396,473,1
3397,489,2
3398,477,1
3399,468,1
3400,488,6
0,491,2995
0,492,2992
0,493,3021
3401,491,1
3402,491,1
3403,491,1
3404,491,1
3405,492,1
3406,493,1
3407,492,1
3408,491,1
3409,492,1
3410,493,1
3411,493,1
3412,493,1
3413,499,1
3414,494,1
0,501,2941
3415,469,1
3416,473,3
3417,473,1
3418,477,1
3419,477,1
0,495,2093
0,508,3070
0,500,3001
3420,501,1
3421,501,6
3422,501,6
3423,501,1
3424,501,1
3425,501,1
3426,501,1
3427,501,1
3428,501,1
3429,502,1
3430,502,1
3431,469,1
0,504,2992
3432,504,1
3433,504,1
0,517,3487
3434,505,1
3435,505,1
3436,505,1
3437,505,1
0,506,2875
3438,506,1
3439,506,1
3440,506,1
3441,506,1
3442,506,1
0,509,2854
0,510,2806
3443,511,1
3444,517,2
3445,510,1
3446,511,1
3447,510,1
24,513,67
3448,510,1
3449,509,1
3450,511,4
3451,511,8
3452,511,8
3453,511,12
3454,511,12
3455,511,8
3456,511,8
3457,469,1
3458,510,7
3459,510,7
3460,511,1
3461,511,2
3462,511,2
3463,511,5
3464,511,4
3465,510,1
3466,511,8
3467,486,1
906,514,12
3468,486,1
3469,486,1
3470,513,1
3471,482,1
3472,513,1
3473,514,1
3474,504,1
3475,517,1
3476,514,1
3477,517,1
3478,486,1
109,518,64
0,519,3213
3479,519,1
3480,491,1
3481,519,1
3482,518,1
3483,478,1
3484,519,1
3485,491,1
3486,495,1
3487,519,1
3488,517,1
3489,468,1
3490,517,1
3491,517,1
3492,519,1
3493,518,1
3494,513,1
3495,500,1
